,도서관명,시도명,시군구명,위도,경도
0,중랑구립면목정보도서관,서울특별시,중랑구,37.58735615,127.0875566
1,중랑숲어린이도서관,서울특별시,중랑구,37.602634,127.103926
2,중화어린이도서관,서울특별시,중랑구,37.595004,127.0748925
3,양원숲속도서관,서울특별시,중랑구,37.606825,127.110697
4,중랑상봉도서관,서울특별시,중랑구,37.59312724,127.080932
5,송파글마루도서관,서울특별시,송파구,37.48083269,127.1304766
6,송파어린이도서관,서울특별시,송파구,37.51210126,127.0824285
7,거마도서관,서울특별시,송파구,37.493545,127.1468274
8,소나무언덕1호,서울특별시,송파구,37.52741692,127.1180409
9,소나무언덕2호,서울특별시,송파구,37.50726667,127.0942173
10,소나무언덕3호,서울특별시,송파구,37.492325,127.156619
11,소나무언덕4호,서울특별시,송파구,37.502207,127.116836
12,소나무언덕 잠실본동,서울특별시,송파구,37.50310085,127.078872
13,송파어린이영어,서울특별시,송파구,37.5223926,127.102983
14,돌마리도서관,서울특별시,송파구,37.50356461,127.1036855
15,송파위례도서관,서울특별시,송파구,37.48116665,127.143936
16,은평구립도서관,서울특별시,은평구,37.61897412,126.9282674
17,증산정보도서관,서울특별시,은평구,37.58280791,126.9076711
18,응암정보도서관,서울특별시,은평구,37.58596656,126.9196821
19,상림마을작은도서관,서울특별시,은평구,37.64421599,126.9289424
20,은평뉴타운 도서관,서울특별시,은평구,37.6372304,126.9331183
42,중랑구립정보도서관,서울특별시,중랑구,37.6151557,127.0869051
120,사당솔밭도서관,서울특별시,동작구,37.484056,126.967369
121,동작상도국주도서관,서울특별시,동작구,37.50682195,126.9509961
122,동작어린이도서관,서울특별시,동작구,37.50920443,126.943434
123,대방어린이도서관,서울특별시,동작구,37.50302422,126.9252221
124,약수도서관,서울특별시,동작구,37.497851,126.9474396
125,동작샘터도서관,서울특별시,동작구,37.4883609,126.977553
126,다울작은도서관,서울특별시,동작구,37.4788487,126.973246
127,국사봉숲속작은도서관,서울특별시,동작구,37.49543206,126.9405909
232,중앙동 새싹작은도서관,서울특별시,관악구,37.484166,126.949749
233,청림동 푸른숲작은도서관,서울특별시,관악구,37.491797,126.958599
234,행운동 마루작은도서관,서울특별시,관악구,37.480593,126.957059
235,청룡동 숯고을작은도서관,서울특별시,관악구,37.479107,126.941694
236,낙성동 우듬지작은도서관,서울특별시,관악구,37.476264,126.958365
237,미성동 책의향기작은도서관,서울특별시,관악구,37.476132,126.915527
238,삼성동 샛별작은도서관,서울특별시,관악구,37.470073,126.932964
255,책쉼터,서울특별시,관악구,37.472973,126.960215
256,신림청소년독서실,서울특별시,관악구,37.480177,126.916185
257,관악산 詩도서관,서울특별시,관악구,37.468116,126.946069
258,낙성대공원도서관,서울특별시,관악구,37.471383,126.959727
259,하난곡작은도서관,서울특별시,관악구,37.4767912,126.919945
260,용꿈꾸는 작은도서관,서울특별시,관악구,37.478127,126.951487
261,도림천에서 용나는 작은도서관,서울특별시,관악구,37.480942,126.929827
262,꿈나무 영유아도서관,서울특별시,관악구,37.467081,126.944781
263,보라매동 다사랑작은도서관,서울특별시,관악구,37.467081,126.944781
264,은천동 한울작은도서관,서울특별시,관악구,37.486875,126.941527
265,인헌동 보물섬 작은도서관,서울특별시,관악구,37.475044,126.965247
266,난곡동 책사랑 작은도서관,서울특별시,관악구,37.470991,126.921644
267,난향동 뜰안에작은도서관,서울특별시,관악구,37.164461,126.918785
268,남현동 우리작은도서관,서울특별시,관악구,37.474518,126.9778675
269,신림동 굴렁쇠작은도서관,서울특별시,관악구,37.487372,126.927118
270,서림동 글사랑작은도서관,서울특별시,관악구,37.474961,126.934984
271,신원동 울타리작은도서관,서울특별시,관악구,37.481565,126.927333
272,신사동 해오름작은도서관,서울특별시,관악구,37.485923,126.919089
273,서원동 어울작은도서관,서울특별시,관악구,37.479734,126.9313649
274,대학동 녹두작은도서관,서울특별시,관악구,37.470598,126.936927
275,성현동 파랑새작은도서관,서울특별시,관악구,37.489512,126.948077
277,신림청소년독서실,서울특별시,관악구,37.480177,126.916185
278,관악문화관도서관,서울특별시,관악구,37.467135,126.944735
279,글빛정보도서관,서울특별시,관악구,37.486252,126.959668
280,성현동작은도서관,서울특별시,관악구,37.487704,126.956096
281,은천동작은도서관,서울특별시,관악구,37.485298,126.942434
282,조원작은도서관,서울특별시,관악구,34.482544,126.907773
283,책이랑놀이랑,서울특별시,관악구,37.479992,126.958588
284,관악산 詩도서관,서울특별시,관악구,37.468116,126.946069
285,낙성대공원도서관,서울특별시,관악구,37.471383,126.959727
286,하난곡작은도서관,서울특별시,관악구,37.4767912,126.919945
287,용꿈꾸는 작은도서관,서울특별시,관악구,37.478127,126.951487
288,도림천에서 용나는 작은도서관,서울특별시,관악구,37.480942,126.929827
289,꿈나무 영유아도서관,서울특별시,관악구,37.467081,126.944781
290,서울대입구역 U-도서관,서울특별시,관악구,37.481239,126.952747
291,신대방역 U-도서관,서울특별시,관악구,37.487397,126.913024
292,봉천역 U-도서관,서울특별시,관악구,37.482332,126.942487
293,낙성대역 U-도서관,서울특별시,관악구,37.476975,126.963739
294,신림역 U-도서관,서울특별시,관악구,37.484224,126.929681
295,봉현작은도서관,서울특별시,관악구,37.4871775,126.956625
296,청룡작은도서관,서울특별시,관악구,37.478018,126.946457
297,삼성작은도서관,서울특별시,관악구,37.464073,126.931802
298,숲속작은도서관,서울특별시,관악구,37.458841,126.946195
299,책이랑놀이랑,서울특별시,관악구,37.479992,126.958588
322,책쉼터,서울특별시,관악구,37.472973,126.960215
323,숲속작은도서관,서울특별시,관악구,37.458841,126.946195
392,지웰작은도서관,서울특별시,은평구,37.64427599,126.9312529
393,사랑꿈터 작은 도서관,서울특별시,은평구,,
394,구립 청파도서관,서울특별시,용산구,37.55392482,126.9676059
395,용산 꿈나무도서관,서울특별시,용산구,,
396,청파 어린이 영어도서관,서울특별시,용산구,37.5454737,126.9685013
397,용암 어린이 영어도서관,서울특별시,용산구,37.54101876,126.9846929
398,북카페 청마루,서울특별시,용산구,37.53245265,126.9904783
399,후암동작은도서관 북앤캠프,서울특별시,용산구,37.54869785,126.9781505
400,해다올 작은도서관,서울특별시,용산구,37.54607528,126.9855699
401,남영동 작은도서관,서울특별시,용산구,37.54570549,126.9730909
402,원효로제2동 작은도서관 두드림,서울특별시,용산구,37.53435322,126.9515483
403,효창동 작은도서관,서울특별시,용산구,37.54250925,126.96184
404,오렌지나무 작은도서관,서울특별시,용산구,37.53895425,126.9575829
405,한강로동 작은도서관,서울특별시,용산구,37.52814224,126.9692281
406,이촌2동 작은도서관,서울특별시,용산구,37.52628148,126.9546578
407,회나무 작은도서관,서울특별시,용산구,37.54190232,126.9901964
408,한남동 작은도서관,서울특별시,용산구,37.53485691,127.000267
409,서빙고동 작은도서관,서울특별시,용산구,37.5204768,126.9946517
410,작은도서관 꿈꾸는 책마을,서울특별시,용산구,37.526301,127.000181
411,별밭 작은도서관,서울특별시,용산구,37.526301,127.000181
440,상림6 작은도서관,서울특별시,은평구,,
441,은평뉴타운 상림마을  제7단지 문고(푸른꿈),서울특별시,은평구,,
442,은평뉴타운5단지,서울특별시,은평구,,
443,모퉁이작은도서관(은평뉴타운 상림마을 14단지 마을문고),서울특별시,은평구,,
444,롯데캐슬문고,서울특별시,은평구,,
445,상림책마루작은도서관,서울특별시,은평구,,
446,우물골작은도서관,서울특별시,은평구,,
447,큰꿈(을 키우는 작은)도서관,서울특별시,은평구,,
448,래미안 푸른숲 도서관,서울특별시,은평구,,
449,두드림 도서관,서울특별시,은평구,,
450,종이책갈피 작은도서관,서울특별시,은평구,,
451,푸른작은도서관,서울특별시,은평구,,
452,솔빛도서관,서울특별시,은평구,,
453,샘터작은도서관,서울특별시,은평구,,
454,책뜰에도서관,서울특별시,은평구,,
455,마고정 작은도서관,서울특별시,은평구,37.63395286,126.9227981
456,숲속 향기 작은도서관,서울특별시,은평구,,
457,지혜누리작은도서관,서울특별시,은평구,,
458,꿈지락작은도서관,서울특별시,은평구,37.63174889,126.929022
459,꿈꾸는i작은도서관,서울특별시,은평구,37.6402624,126.9211419
460,산책마을 SH작은도서관,서울특별시,은평구,,
461,나누리작은도서관,서울특별시,은평구,,
462,두근두근작은도서관 (마고정 3단지 도서관),서울특별시,은평구,,
463,물푸레작은도서관,서울특별시,은평구,,
464,새자람작은도서관,서울특별시,은평구,,
465,포수마을 만화도서관,서울특별시,은평구,,
466,응암도서관,서울특별시,은평구,37.60030754,126.9296354
467,푸른풀밭 작은도서관,서울특별시,은평구,37.59883886,126.9200761
468,응암2동 매바위북카페 (응암2동 주민센터),서울특별시,은평구,37.59434778,126.9231689
469,꿈샘도서관,서울특별시,은평구,37.59262923,126.9206944
470,백련산힐스 작은도서관,서울특별시,은평구,,
471,불광천 작은도서관 (응암정보도서관 운영),서울특별시,은평구,37.59048586,126.9144371
472,서문어린이도서관,서울특별시,은평구,37.59165203,126.9167502
473,은평어린이영어도서관 (평생학습관 1층),서울특별시,은평구,37.6077869,126.9213295
474,역마루 작은도서관 (역촌동 주민센터),서울특별시,은평구,37.60435017,126.9151783
475,영광영재도서관,서울특별시,은평구,,
476,예뜰도서관,서울특별시,은평구,37.59970722,126.9150085
477,꿈꾸는 작은도서관 (꿈꾸는 다락방),서울특별시,은평구,37.60199622,126.9185324
478,초록길도서관,서울특별시,은평구,37.6039323,126.9124473
479,꿈마루 작은 도서관,서울특별시,은평구,37.60262325,126.9188935
480,청소년문화공간JU역촌동  작은 도서관,서울특별시,은평구,37.60549462,126.9120335
481,신사어린이도서관,서울특별시,은평구,37.59804894,126.9121456
482,시루뫼쉼터 (증산동 주민센터),서울특별시,은평구,37.58425844,126.907082
483,성산작은도서관,서울특별시,은평구,37.58417713,126.9073026
484,서영 영어전문 작은도서관,서울특별시,은평구,37.58652987,126.9111446
485,이아이야작은도서관,서울특별시,은평구,37.58251157,126.9052593
486,물빛마을작은도서관,서울특별시,은평구,,
487,수색한숲도서관,서울특별시,은평구,,
488,은평노인종합복지관 작은 도서관,서울특별시,은평구,37.63225153,126.9299824
489,구산동 도서관마을,서울특별시,은평구,37.60951019,126.9130879
490,내를건너서숲으로도서관,서울특별시,은평구,37.591414,126.907816
491,은뜨락도서관,서울특별시,은평구,37.63014044,126.9199291
492,은평작은도서관,서울특별시,은평구,37.60245697,126.9288236
493,녹번만화도서관,서울특별시,은평구,37.60110553,126.9351483
494,다섯콩작은도서관,서울특별시,은평구,,
495,어린이도서관 동네북,서울특별시,은평구,,
496,Book Bridge 작은 도서관,서울특별시,은평구,37.59957186,126.9368368
497,북한산 힐스테이트  1차 솔숲문고,서울특별시,은평구,,
498,은광교회도서관,서울특별시,은평구,37.61270356,126.9297845
499,바다의 별 작은도서관,서울특별시,은평구,37.61526035,126.9264056
500,비전뜰 도서관,서울특별시,은평구,37.62570096,126.9207993
501,다니엘 작은도서관,서울특별시,은평구,37.62578369,126.9275146
502,천주교연신내성당 북카페,서울특별시,은평구,37.62723053,126.9287909
503,꿈담은 작은 도서관,서울특별시,은평구,37.62566023,126.9285396
504,갈현1동 고리마루작은도서관 (갈현1동 주민센터),서울특별시,은평구,37.62368713,126.916679
505,정임도서관,서울특별시,은평구,37.62781878,126.9192927
506,효경골 마을문고 (갈현2동 주민센터),서울특별시,은평구,37.61867699,126.9157776
507,청소년도서관 작공,서울특별시,은평구,37.61491999,126.916186
508,무지개영어도서관,서울특별시,은평구,37.61494677,126.9075233
509,대조꿈나무어린이도서관,서울특별시,은평구,37.61387527,126.9207138
510,대조제일교회  꿈꾸는 작은도서관,서울특별시,은평구,37.61191616,126.9253585
511,징검다리 도서관,서울특별시,은평구,37.61079028,126.918344
512,은평문화의집 작은도서관 (응암1동 주민센터),서울특별시,은평구,37.60075892,126.926904
918,쌍문3동 공립 작은도서관,서울특별시,서울특별시 도봉구,37.6489437,127.0279086
919,쌍문4동 공립 작은도서관,서울특별시,서울특별시 도봉구,37.6564188,127.0283688
920,창1동 공립 작은도서관,서울특별시,서울특별시 도봉구,37.64833,127.04378
921,창2동 공립 작은도서관,서울특별시,서울특별시 도봉구,37.6413898,127.0356396
922,창3동 공립 작은도서관,서울특별시,서울특별시 도봉구,37.63811,127.04287
923,창4동 공립 작은도서관,서울특별시,서울특별시 도봉구,37.6522,127.05154
924,창5동 공립 작은도서관,서울특별시,서울특별시 도봉구,37.6562098,127.0434809
925,북서울중학교 도서관,서울특별시,서울특별시 도봉구,37.6813005,127.0430239
926,창북중학교 도서관,서울특별시,서울특별시 도봉구,37.6494708,127.0385766
927,도봉구청사 행복작은도서관,서울특별시,서울특별시 도봉구,37.6686287,127.0470496
928,서울특별시교육청도봉도서관(종합자료실),서울특별시,서울특별시 도봉구,37.6525847,127.0129824
929,서울특별시교육청도봉도서관(어린이자료실),서울특별시,서울특별시 도봉구,37.65257,127.0129
930,서울특별시교육청도봉도서관(디지털자료실),서울특별시,서울특별시 도봉구,37.6527461,127.0129663
931,도봉문화정보도서관(종합자료실),서울특별시,서울특별시 도봉구,37.6445808,127.0438827
932,도봉문화정보도서관(어린이열람실),서울특별시,서울특별시 도봉구,37.6445808,127.0438827
933,도봉어린이문화정보도서관(영 유아),서울특별시,서울특별시 도봉구,37.6590072,127.0494699
934,도봉 기적의 도서관,서울특별시,서울특별시 도봉구,37.6807721,127.0502436
951,도봉어린이문화정보도서관(디지털자료실),서울특별시,서울특별시 도봉구,37.6590072,127.0494699
952,"도봉어린이문화정보센터(자료열람실, 잉글리시 아일랜드)",서울특별시,서울특별시 도봉구,37.6590072,127.0494699
953,학마을도서관 (종합자료실),서울특별시,서울특별시 도봉구,37.6621078,127.0278197
954,학마을도서관 (어린이 자료실),서울특별시,서울특별시 도봉구,37.66211,127.02782
955,방학동영유아플라자,서울특별시,서울특별시 도봉구,37.66323,127.03033
956,창동영유아플라자,서울특별시,서울특별시 도봉구,37.63351,127.0411
957,무수골 도서관,서울특별시,서울특별시 도봉구,37.6829589,127.0428608
958,방학1동 공립 작은도서관,서울특별시,서울특별시 도봉구,37.6641869,127.0406367
959,방학2동 공립 작은도서관,서울특별시,서울특별시 도봉구,37.668177,127.0350425
960,방학3동 공립 작은도서관,서울특별시,서울특별시 도봉구,37.65989,127.02382
961,도봉1동 공립 작은도서관,서울특별시,서울특별시 도봉구,37.6786704,127.0433569
963,도봉2동 공립 작은도서관,서울특별시,서울특별시 도봉구,37.6696229,127.0465415
964,쌍문1동 공립 작은도서관,서울특별시,서울특별시 도봉구,37.6479992,127.0260364
965,쌍문2동 공립 작은도서관,서울특별시,서울특별시 도봉구,37.6580211,127.0387508
1035,꿈을이루는작은도서관,서울특별시,마포구,37.547105,126.952155
1036,아름드리작은도서관,서울특별시,마포구,37.560313,126.902316
1037,해오름작은도서관,서울특별시,마포구,37.555848,126.942368
1038,성메작은도서관,서울특별시,마포구,37.56861,126.908975
1039,성산글마루작은도서관,서울특별시,마포구,37.569702,126.90142
1040,늘푸른소나무작은도서관,서울특별시,마포구,37.542233,126.955494
1041,복사골작은도서관,서울특별시,마포구,37.539535,126.951922
1042,용강동작은도서관,서울특별시,마포구,37.542328,126.94283
1043,초록숲작은도서관,서울특별시,마포구,37.552161,126.951225
1044,마포푸르메어린이도서관,서울특별시,마포구,37.584644,126.880515
1077,마포중앙도서관,서울특별시,마포구,37.564019,126.908442
1078,마포구립하늘도서관,서울특별시,마포구,37.566379,126.901616
1079,마포구립서강도서관,서울특별시,마포구,37.547737,126.932059
1080,마포어린이영어도서관,서울특별시,마포구,37.539535,126.951922
1081,꿈나래어린이영어도서관,서울특별시,마포구,37.555235,126.905684
1154,성북정보도서관,서울특별시,성북구,37.6049514,127.0505858
1155,아리랑도서관,서울특별시,성북구,37.60005935,127.0139286
1156,해오름도서관,서울특별시,성북구,37.59290593,127.0094026
1157,종암동새날도서관,서울특별시,성북구,37.5990361,127.035222
1158,서경로꿈마루도서관,서울특별시,성북구,37.61146229,127.0138628
1159,석관동미리내도서관,서울특별시,성북구,37.6134793,127.0654922
1160,달빛마루도서관,서울특별시,성북구,37.6050584,127.0309893
1161,정릉도서관,서울특별시,성북구,37.60474125,127.0105819
1162,청수도서관,서울특별시,성북구,37.61174732,127.0107732
1163,아리랑어린이도서관,서울특별시,성북구,37.59883044,127.0136249
1164,이음도서관,서울특별시,성북구,37.5894118,127.0168327
1165,월곡꿈그림도서관,서울특별시,성북구,37.60507324,127.0413674
1166,장위행복누림도서관,서울특별시,성북구,37.61589067,127.045836
1167,성북길빛도서관,서울특별시,성북구,37.60996089,127.026443
1171,강북문화정보도서관,서울특별시,강북구,37.625174,127.0360816
1172,강북청소년문화정보도서관,서울특별시,강북구,37.62308028,127.0215541
1173,솔샘문화정보도서관,서울특별시,강북구,37.62047594,127.012452
1174,송중문화정보도서관,서울특별시,강북구,37.618342,127.0299392
1175,수유문화정보도서관,서울특별시,강북구,37.63005097,127.017543
1354,중곡문화체육센터도서관,서울특별시,광진구,37.56777776,127.0848034
1381,용답동어린이작은도서관,서울특별시,성동구,37.564066,127.055517
1382,송정동늘푸른작은도서관,서울특별시,성동구,37.55101176,127.068522
1383,성수2가제3동작은도서관,서울특별시,성동구,37.54822203,127.0552459
1384,성수2가제1동어린이작은도서관,서울특별시,성동구,37.539501,127.05405
1387,성수1가제2동어린이작은도서관,서울특별시,성동구,37.546403,127.0443495
1388,성수1가제1동작은도서관,서울특별시,성동구,37.542037,127.049686
1389,옥수동북카페,서울특별시,성동구,37.54367,127.013486
1390,금호4가동어린이작은도서관,서울특별시,성동구,37.547171,127.02231
1391,"금호2,3가동어린이작은도서관",서울특별시,성동구,37.553233,127.0209111
1392,금호1가동우리동네북카페책단지꿀단지,서울특별시,성동구,37.554834,127.021637
1393,응봉동어린이작은도서관,서울특별시,성동구,37.553118,127.033401
1394,행당제2동어린이작은도서관,서울특별시,성동구,37.55822157,127.029361
1395,사근동어린이놀이터도서관,서울특별시,성동구,37.56149975,127.0453273
1396,마장동작은도서관,서울특별시,성동구,37.56631825,127.0454072
1397,왕십리제2동작은도서관,서울특별시,성동구,37.561057,127.0305138
1398,왕십리도선동희망문고,서울특별시,성동구,37.56787393,127.0255271
1399,성동구립청계도서관,서울특별시,성동구,37.56787393,127.0255271
1400,성동구립성수도서관,서울특별시,성동구,37.54542892,127.0469471
1401,성동구립무지개도서관,서울특별시,성동구,37.56342359,127.0369664
1402,성동구립용답도서관,서울특별시,성동구,37.56669993,127.051314
1403,성동구립금호도서관,서울특별시,성동구,37.55412846,127.0248932
1404,성동구립도서관,서울특별시,성동구,37.55917871,127.0349587
1405,성동자활센터푸른하늘공부방청소년작은도서관,서울특별시,성동구,37.546026,127.01952
1476,평강마을도서관,서울특별시,광진구,37.53157438,127.0760916
1478,푸른꿈도서관,서울특별시,광진구,37.54436389,127.0880268
1479,광장현대파크빌도서관,서울특별시,광진구,37.54335816,127.1017445
1480,중곡교회작은도서관,서울특별시,광진구,37.55696496,127.090785
1481,아름드리작은도서관,서울특별시,광진구,37.55053695,127.0979157
1482,어린이도서관주영심나무,서울특별시,광진구,37.55624589,127.0835681
1483,아차산아래작은도서관놀자,서울특별시,광진구,37.55385545,127.0944525
1484,하람도서관,서울특별시,광진구,37.56212772,127.0883465
1485,운룡도서관,서울특별시,광진구,37.55419818,127.0893602
1486,더바움문화예술작은도서관,서울특별시,광진구,37.54141454,127.0897296
1487,성신비전스쿨도서관,서울특별시,광진구,37.546461,127.0666556
1488,이룸도서관,서울특별시,광진구,37.5579873,127.0875991
1489,사람아이앤지작은도서관,서울특별시,광진구,37.54993648,127.0916863
1490,샘터작은도서관,서울특별시,광진구,37.5651522,127.087354
1491,국제문학작은도서관,서울특별시,광진구,37.55012813,127.06966
1492,사하라작은도서관,서울특별시,광진구,37.54761106,127.1056385
1504,광장동새마을작은도서관,서울특별시,광진구,37.54688177,127.1030122
1505,자양1동새마을작은도서관,서울특별시,광진구,37.5344966,127.0823943
1506,자양2동새마을작은도서관,서울특별시,광진구,37.52880086,127.0843882
1507,자양3동새마을작은도서관,서울특별시,광진구,37.53383249,127.0729033
1508,자양4동새마을작은도서관,서울특별시,광진구,37.54026298,127.0651113
1509,화양동새마을작은도서관,서울특별시,광진구,37.54653756,127.0713179
1510,군자동새마을작은도서관,서울특별시,광진구,37.55515906,127.0758892
1511,자양전통시장작은도서관,서울특별시,광진구,37.53438346,127.07919
1512,날마다자라는나무,서울특별시,광진구,37.53138718,127.0757656
1513,새빛작은도서관,서울특별시,광진구,37.53632392,127.082256
1514,예드림작은도서관,서울특별시,광진구,37.54341439,127.0902073
1525,홍은도담도서관,서울특별시,서대문구,37.601701,126.9489544
1526,알음알음작은도서관,서울특별시,서대문구,37.562901,126.9623774
1527,하늘샘작은도서관,서울특별시,서대문구,37.56960387,126.9613146
1528,북아현마을 북카페,서울특별시,서대문구,37.559456,126.9570371
1529,아이누리작은도서관,서울특별시,서대문구,37.56930165,126.9308745
1530,햇살작은도서관,서울특별시,서대문구,37.59323535,126.9439056
1531,행복작은도서관,서울특별시,서대문구,37.58010825,126.9341521
1532,논골작은도서관,서울특별시,서대문구,37.56930165,126.9308745
1533,새싹작은도서관,서울특별시,서대문구,37.58316431,126.9484101
1534,꿈이있는작은도서관,서울특별시,서대문구,37.58610556,126.9493681
1535,문화촌어린이도서관,서울특별시,서대문구,37.593746,126.9496936
1536,파랑새작은도서관,서울특별시,서대문구,37.57327343,126.9197817
1537,늘푸른열린작은도서관,서울특별시,서대문구,37.5743693,126.9101357
1538,가슴따뜻한작은도서관,서울특별시,서대문구,37.581453,126.9111778
1539,이팝꽃향기작은도서관,서울특별시,서대문구,37.58373665,126.9109487
1547,파랑새작은도서관,서울특별시,노원구　,37.65748394,127.0678654
1553,이진아기념도서관,서울특별시,서대문구,37.57295354,126.9555487
1554,남가좌새롬어린이도서관,서울특별시,서대문구,37.57833984,126.9240465
1565,책누리작은도서관,서울특별시,노원구　,37.64780319,127.0802848
1566,책사랑북카페,서울특별시,노원구　,37.65254785,127.077475
1567,하늘작은도서관,서울특별시,노원구　,37.64213069,127.0687306
1568,중계사랑북카페,서울특별시,노원구　,37.65876429,127.0779756
1569,푸른숲작은도서관,서울특별시,노원구　,37.67992867,127.0549625
1595,열린작은도서관,서울특별시,노원구　,37.63204371,127.067951
1605,월계문화정보도서관,서울특별시,노원구　,37.628637,127.056121
1606,상계문화정보도서관,서울특별시,노원구　,37.67852812,127.0519416
1607,불암도서관,서울특별시,노원구　,37.66110029,127.0650081
1608,화랑도서관,서울특별시,노원구　,37.62152134,127.0830476
1609,한내도서관,서울특별시,노원구　,37.62358838,127.0687815
1610,향기나무도서관,서울특별시,노원구　,37.62358838,127.0687815
1611,공릉도서관,서울특별시,노원구　,37.62358838,127.0687815
1612,월계어린이도서관,서울특별시,노원구　,37.62358838,127.0687815
1613,꿈꾸는작은도서관,서울특별시,노원구　,37.61999132,127.0628836
1614,달내작은도서관,서울특별시,노원구　,37.63251005,127.0507812
1615,도란도란작은도서관,서울특별시,노원구　,37.62477828,127.0737488
1616,책이랑친구랑작은도서관,서울특별시,노원구　,37.62128685,127.083378
1617,가재울작은도서관,서울특별시,노원구　,37.64056069,127.0725588
1639,노원정보도서관,서울특별시,노원구　,37.66110029,127.0650081
1640,노원어린이도서관,서울특별시,노원구　,37.65795085,127.0763791
2044,서울특별시교육청송파도서관,서울특별시,송파구,37.49993098,127.1348112
2067,목화마을공립작은도서관,서울특별시,영등포구,37.51898057,126.88628
2068,대림3동공립작은도서관,서울특별시,영등포구,37.498301,126.8980362
2069,대림2동공립작은도서관,서울특별시,영등포구,37.49273981,126.8982518
2070,대림1동공립작은도서관,서울특별시,영등포구,37.49539535,126.9062002
2071,신길7동공립작은도서관,서울특별시,영등포구,37.506385,126.9215136
2072,신길6동공립작은도서관,서울특별시,영등포구,37.49920238,126.9124289
2073,신길5동공립작은도서관,서울특별시,영등포구,37.501614,126.9052198
2074,신길4동공립작은도서관,서울특별시,영등포구,37.508428,126.911278
2075,신길3동공립작은도서관,서울특별시,영등포구,37.507285,126.9077506
2076,신길1동공립작은도서관,서울특별시,영등포구,37.511135,126.9214408
2078,양평2동공립작은도서관,서울특별시,영등포구,37.53649965,126.8940377
2079,양평1동공립작은도서관,서울특별시,영등포구,37.523615,126.8882277
2080,문래동공립작은도서관,서울특별시,영등포구,37.5155327,126.8913572
2113,문래정보문화도서관,서울특별시,영등포구,37.51685495,126.8908938
2114,대림정보문화도서관,서울특별시,영등포구,37.50431765,126.8960782
2151,도림동공립작은도서관,서울특별시,영등포구,37.509967,126.9080504
2152,당산2동공립작은도서관,서울특별시,영등포구,37.5347082,126.9020869
2153,당산1동공립작은도서관,서울특별시,영등포구,37.523058,126.898464
2154,여의동공립작은도서관,서울특별시,영등포구,37.517658,126.9346142
2155,영등포동공립작은도서관,서울특별시,영등포구,37.52510043,126.9027013
2156,신길2동(분소)공립작은도서관,서울특별시,영등포구,37.51365785,126.9170766
2157,영등포본동공립작은도서관,서울특별시,영등포구,37.514649,126.9093387
2158,영등포구지부공립작은도서관,서울특별시,영등포구,37.52601008,126.9001117
2159,여의디지털도서관,서울특별시,영등포구,37.5221797,126.9199179
2160,선유정보문화도서관,서울특별시,영등포구,37.53333074,126.892938
2184,청운문학도서관,서울특별시,종로구,37.5903786,126.9659189
2185,아름꿈도서관,서울특별시,종로구,37.5726975,127.0171157
2186,어린이청소년국학도서관,서울특별시,종로구,37.5886859,126.9955389
2187,작은도서관 삼봉서랑,서울특별시,종로구,37.5731978,126.9788134
2188,삼청공원 숲속도서관,서울특별시,종로구,37.5879786,126.9840854
2189,우리소리도서관,서울특별시,종로구,37.5744931,126.9902329
2190,통인 어린이 작은도서관,서울특별시,종로구,37.5804256,126.9705288
2191,도담도담 한옥도서관,서울특별시,종로구,37.5769278,127.0218396
2192,청운효자동 북카페,서울특별시,종로구,37.5840909,126.9706225
2193,꿈꾸는 평창동 작은도서관,서울특별시,종로구,37.6063736,126.9683668
2194,무악다솜방,서울특별시,종로구,37.5759998,126.9581596
2195,홍파랑 북카페,서울특별시,종로구,37.5719142,126.9619608
2196,지혜만들기 작은도서관,서울특별시,종로구,37.5720608,127.0050305
2197,이화마을 작은도서관,서울특별시,종로구,37.5769802,127.0043471
2198,혜화마을 북카페,서울특별시,종로구,37.5868552,127.0005661
2199,창이 작은도서관,서울특별시,종로구,37.5744498,127.0108719
2200,숭인마루 작은도서관,서울특별시,종로구,37.5778226,127.0156271
2519,개봉어린이도서관,서울특별시,구로구,37.496705,126.855912
2520,하늘도서관,서울특별시,구로구,37.48737567,126.8813483
2521,개봉도서관,서울특별시,구로구,37.48952311,126.8579748
2522,글마루한옥어린이도서관,서울특별시,구로구,37.50691506,126.845627
2523,궁동어린이도서관,서울특별시,구로구,37.502239,126.8292614
2524,신도림어린이영어작은도서관,서울특별시,구로구,37.50778089,126.880593
2525,구로기적의도서관,서울특별시,구로구,37.50673603,126.877312
2526,오류도서관,서울특별시,구로구,37.49722308,126.8423228
2537,꿈나무도서관,서울특별시,구로구,37.48987838,126.8865593
2538,꿈마을도서관,서울특별시,구로구,37.487167,126.890156
2539,구로구립온누리도서관,서울특별시,구로구,37.49746124,126.8865524
2637,나누리 작은도서관,서울특별시,금천구,37.45310408,126.908929
2679,마루한 작은도서관,서울특별시,금천구,37.45259527,126.9058063
2701,금천구립독산도서관,서울특별시,금천구,37.467565,126.9081069
2702,해오름작은도서관,서울특별시,금천구,37.47022076,126.8970434
2703,참새작은도서관,서울특별시,금천구,37.45738796,126.8865496
2704,미래향기작은도서관,서울특별시,금천구,37.46611089,126.899737
2705,청개구리작은도서관,서울특별시,금천구,37.475136,126.9031731
2706,꿈씨어린이작은도서관,서울특별시,금천구,37.46755452,126.902133
2707,맑은누리작은도서관,서울특별시,금천구,37.453534,126.9032507
2708,꿈꾸는작은도서관,서울특별시,금천구,37.440257,126.9058035
2709,도란도란작은도서관,서울특별시,금천구,37.458965,126.906172
2710,책읽는주민사랑방작은도서관,서울특별시,금천구,37.452373,126.9083063
2711,책이든거리작은도서관,서울특별시,금천구,37.46683555,126.8879997
2712,책달샘숲속작은도서관,서울특별시,금천구,,126.907878
2713,우리울 작은도서관,서울특별시,금천구,37.46493455,126.894003
2714,롯데캐슬1차 작은도서관,서울특별시,금천구,37.46005722,126.8928436
2715,지혜의숲 작은도서관,서울특별시,금천구,37.46181446,126.8992884
2716,책읽는마을 작은도서관,서울특별시,금천구,37.46865174,126.904183
2717,트리니티 작은도서관,서울특별시,금천구,37.45717329,126.900233
2718,산돌어린이도서관,서울특별시,금천구,37.45760055,126.898373
2719,소망의나무어린이 작은도서관,서울특별시,금천구,37.45455245,126.9037964
2720,은행나무어린이도서관,서울특별시,금천구,37.45228958,126.913703
2721,길빛 작은도서관,서울특별시,금천구,37.44883366,126.9048299
2722,샘솟는 작은도서관,서울특별시,금천구,37.46523095,126.9034346
2723,와서 작은도서관,서울특별시,금천구,37.483792,126.883653
2744,금천구립시흥도서관,서울특별시,금천구,37.449695,126.9146113
2745,금천구립금나래도서관,서울특별시,금천구,37.45706511,126.8960352
2746,금천구립가산도서관,서울특별시,금천구,37.47349244,126.892128
2774,구의2동새마을작은도서관,서울특별시,광진구,37.54724205,127.0899222
2775,구의제3동도서관,서울특별시,광진구,37.53799261,127.091984
2776,자양한강도서관,서울특별시,광진구,,
2777,중곡1동새마을작은도서관,서울특별시,광진구,37.56066681,127.0800508
2778,중곡2동새마을작은도서관,서울특별시,광진구,37.56015047,127.0814764
2779,중곡3동새마을작은도서관,서울특별시,광진구,37.56880816,127.0801365
2780,중곡4동새마을작은도서관,서울특별시,광진구,37.55909955,127.0894339
2781,능동새마을작은도서관,서울특별시,광진구,37.55376123,127.0805504
2782,구의1동새마을작은도서관,서울특별시,광진구,37.54249155,127.0856664
2912,열린도서관,서울특별시,강남구,37.48402087,127.0844599
2913,삼성도서관,서울특별시,강남구,37.51435513,127.0626094
2914,못골도서관,서울특별시,강남구,37.47153801,127.0965826
2915,못골한옥어린이도서관,서울특별시,강남구,37.47330498,127.0997276
2919,고맙습니다 작은도서관,서울특별시,양천구,37.51514742,126.854773
2920,넓은들작은도서관,서울특별시,양천구,37.51143264,126.841571
2921,목1동도서방 (목1동주민센터 2층),서울특별시,양천구,37.530392,126.87112
2922,신월6동도서방 (신월6동주민센터 2층),서울특별시,양천구,37.51454576,126.8409607
2923,신월7동도서방 (신월7동주민센터 2층),서울특별시,양천구,37.52188215,126.8347098
2924,신정6동도서방 (신정6동주민센터 2층),서울특별시,양천구,37.517081,126.8643883
2925,신정7동도서방 (신정7동주민센터 2층),서울특별시,양천구,37.514474,126.8596696
2936,세곡도서관,서울특별시,강남구,37.46904954,127.1069115
2937,대치1작은도서관,서울특별시,강남구,37.49324572,127.0567749
2938,역삼2동작은도서관,서울특별시,강남구,37.49589197,127.0464773
2939,신사동작은도서관,서울특별시,강남구,37.52397421,127.0227971
2940,압구정동작은도서관,서울특별시,강남구,37.52678501,127.0244542
2941,도곡2동 작은도서관,서울특별시,강남구,37.48372308,127.0464155
2942,개포4동작은도서관,서울특별시,강남구,37.47882112,127.0516583
2943,일원본동 작은도서관,서울특별시,강남구,37.48337789,127.0864808
2944,수서동 작은도서관,서울특별시,강남구,37.48890229,127.1049904
2945,일원1동 작은도서관,서울특별시,강남구,37.49185343,127.0880284
2946,도곡정보문화도서관,서울특별시,강남구,37.48831184,127.0388787
2947,논현도서관,서울특별시,강남구,37.51727791,127.0372042
2948,정다운도서관,서울특별시,강남구,37.51909826,127.0464419
2949,청담도서관,서울특별시,강남구,37.52509058,127.0492919
2950,대치도서관,서울특별시,강남구,37.49961649,127.0659173
2951,즐거운도서관,서울특별시,강남구,37.49972884,127.0578474
2952,행복한도서관,서울특별시,강남구,37.50230604,127.0641871
2953,역삼푸른솔도서관,서울특별시,강남구,37.49649864,127.03203
2954,역삼도서관,서울특별시,강남구,37.49537384,127.0332825
2955,논현정보도서관,서울특별시,강남구,37.51386352,127.0293228
2989,자양제4동도서관,서울특별시,광진구,37.5340959,127.0662599
3008,곰달래도서관,서울특별시,강서구,37.52905871,126.848899
3009,등빛도서관,서울특별시,강서구,37.5624556,126.8423755
3010,가양도서관,서울특별시,강서구,37.55996148,126.8655601
3017,도란도란쉼터작은도서관,서울특별시,강서구,37.56948645,126.8447061
3018,허준마을작은도서관,서울특별시,강서구,37.56739738,126.851271
3019,도리샘작은도서관,서울특별시,강서구,37.56108734,126.8605599
3020,책향기작은도서관,서울특별시,강서구,37.55311585,126.8331787
3021,송정작은도서관,서울특별시,강서구,37.55878245,126.8100731
3022,글벗누리작은도서관,서울특별시,강서구,37.57034422,126.8170529
3023,채움작은도서관,서울특별시,강서구,37.56672021,126.8067388
3024,방그리나작은도서관,서울특별시,강서구,37.57871815,126.8136588
3025,수명산작은도서관,서울특별시,강서구,37.5541175,126.8255215
3026,옹기종기작은도서관,서울특별시,강서구,37.55302513,126.8667223
3027,해뜰작은도서관,서울특별시,강서구,37.57424491,126.8201677
3028,꿈자람책놀이터작은도서관,서울특별시,강서구,37.57071896,126.8057278
3029,초록동작은도서관,서울특별시,강서구,37.54114963,126.848508
3030,가람작은도서관,서울특별시,강서구,37.56462873,126.8535176
3031,솔뫼작은도서관,서울특별시,강서구,37.53802615,126.8385211
3032,꿈꾸는어린이도서관,서울특별시,강서구,37.54733808,126.8733184
3033,우장산숲속도서관,서울특별시,강서구,37.5482876,126.841835
3034,길꽃어린이도서관,서울특별시,강서구,37.57871815,126.8136588
3035,푸른들청소년도서관,서울특별시,강서구,37.5446709,126.83518
3036,강서영어도서관,서울특별시,강서구,37.53468478,126.8608037
3048,갈산도서관,서울특별시,양천구,37.508816,126.8673121
3049,신월음악도서관,서울특별시,양천구,37.52469707,126.840067
3050,미감도서관,서울특별시,양천구,37.538939,126.865463
3051,목마교육도서관,서울특별시,양천구,37.537144,126.881721
3052,개울건강도서관,서울특별시,양천구,37.525988,126.8566025
3053,방아다리문학도서관,서울특별시,양천구,37.538543,126.827143
3054,해맞이역사도서관,서울특별시,양천구,37.51907588,126.8356073
3055,영어특성화도서관,서울특별시,양천구,37.515936,126.863865
3056,달마을작은도서관,서울특별시,양천구,37.546114,126.8717
3057,꿈자람 작은도서관,서울특별시,양천구,37.544781,126.864407
3058,고운달 작은도서관,서울특별시,양천구,37.53280499,126.831562
3059,고운맘 작은도서관,서울특별시,양천구,37.52497336,126.8445677
3060,달빛마을 작은도서관,서울특별시,양천구,37.533662,126.829096
3061,지양마을 작은도서관,서울특별시,양천구,37.521851,126.826659
3062,그린나래미술도서관,서울특별시,양천구,37.51857061,126.854299
3063,호롱불작은도서관,서울특별시,양천구,37.519195,126.870565
3122,등마루골작은도서관,서울특별시,강서구,37.54265881,126.8625043
3123,큰마음작은도서관,서울특별시,강서구,37.55888772,126.8479197
3124,초록향기작은도서관,서울특별시,강서구,37.54404976,126.8476647
3125,꿈터작은도서관,서울특별시,강서구,37.53050876,126.841592
3126,옹달샘작은도서관,서울특별시,강서구,37.5318264,126.8544869
3127,책마루작은도서관,서울특별시,강서구,37.54252739,126.8384119
3128,볏고을작은도서관,서울특별시,강서구,37.53468478,126.8608037
3129,역마을작은도서관,서울특별시,강서구,37.55181585,126.8500753
3130,배다리작은도서관,서울특별시,강서구,37.53269442,126.8483305
3131,내발산작은도서관,서울특별시,강서구,37.55749761,126.8431963
3153,성내도서관,서울특별시,강동구,37.53284628,127.1333283
3154,해공도서관,서울특별시,강동구,37.54394767,127.1255384
3155,강일도서관,서울특별시,강동구,37.5650504,127.1739063
3156,암사도서관,서울특별시,강동구,37.5528007,127.1333457
3157,천호도서관,서울특별시,강동구,37.54052196,127.1340837
3233,미아문화정보도서관,서울특별시,강북구,37.627063,127.026981
3234,삼각산어린이도서관,서울특별시,강북구,37.61514813,127.0207409
3264,아리향기작은도서관,서울특별시,강서구,37.55377226,126.8709672
3265,생각열매작은도서관,서울특별시,강서구,37.55582716,126.8589084
3312,한내행복발전소,서울특별시,노원구　,37.62650774,127.0619783
3313,육사작은도서관,서울특별시,노원구　,37.62012196,127.0894164
3314,KB국민은행과 함께하는 나무작은도서관,서울특별시,노원구　,,
3320,수락작은도서관,서울특별시,노원구　,37.6729097,127.0832363
3321,해솔작은도서관,서울특별시,노원구　,37.66297906,127.0693664
3322,메아리작은도서관,서울특별시,노원구　,,
3323,반디작은도서관,서울특별시,노원구　,37.66673627,127.0515525
3324,한울작은도서관,서울특별시,노원구　,37.66452106,127.0638188
3325,가온작은도서관,서울특별시,노원구　,37.66128661,127.0602619
3326,노원문화원,서울특별시,노원구　,37.62879908,127.0698014
3327,상계숲속작은도서관,서울특별시,노원구　,37.66673627,127.0515525
3328,초안산숲속작은도서관,서울특별시,노원구　,37.63208014,127.0444276
3423,양재도서관,서울특별시,서초구,37.473627,127.0336267
3424,서이도서관,서울특별시,서초구,37.492071,127.024905
3425,잠원도서관,서울특별시,서초구,37.51496916,127.013922
3426,방배도서관,서울특별시,서초구,37.47843957,126.999945
3427,서초그림책도서관,서울특별시,서초구,37.490693,127.005102
3467,반포도서관,서울특별시,서초구,37.50248861,127.012535
3468,내곡도서관,서울특별시,서초구,37.45200217,127.0544427
3473,광진정보도서관,서울특별시,광진구,37.55107355,127.1106137
66,용문도서관,경기도,양평군,37.48716841,127.5962168
67,지평도서관,경기도,양평군,37.47371937,127.6385166
68,양동도서관,경기도,양평군,37.41919108,127.7546882
69,강상작은도서관,경기도,양평군,37.480695,127.478067
70,강하작은도서관,경기도,양평군,37.49617652,127.4112172
71,고읍내작은도서관,경기도,양평군,37.51810619,127.4560503
72,서종작은도서관,경기도,양평군,37.60658353,127.3487122
73,청운작은도서관,경기도,양평군,37.553631,127.708314
74,개군작은도서관,경기도,양평군,37.42821683,127.5422415
75,단월작은도서관,경기도,양평군,37.540818,127.6735088
76,세미원작은도서관,경기도,양평군,37.54093938,127.3239611
77,안성시립중앙도서관,경기도,안성시,37.01524024,127.2685395
78,안성시립공도도서관,경기도,안성시,37.00336195,127.1726995
79,안성시립보개도서관,경기도,안성시,37.01504821,127.3224972
80,안성시립진사도서관,경기도,안성시,36.99408249,127.1444642
81,안성시립일죽도서관,경기도,안성시,37.0905746,127.4770372
82,풍림작은도서관,경기도,안성시,36.99829562,127.1588295
83,송정작은도서관,경기도,안성시,37.00547999,127.2010037
84,태산작은도서관,경기도,안성시,36.99983729,127.1541053
85,부영작은도서관,경기도,안성시,37.00889605,127.1837276
86,죽산작은도서관,경기도,안성시,37.07700773,127.4238622
87,삼죽작은도서관,경기도,안성시,37.07320772,127.3749616
88,대림동산작은도서관,경기도,안성시,37.01417722,127.2031121
110,중앙도서관,경기도,양평군,37.48591089,127.494309
111,어린이도서관,경기도,양평군,37.48591089,127.4943424
112,양서친환경도서관,경기도,양평군,37.5425053,127.3233071
137,호원1동 작은도서관,경기도,의정부시,37.711992,127.048765
138,장암동 작은도서관,경기도,의정부시,37.726407,127.054254
139,신곡1동 작은도서관,경기도,의정부시,37.730794,127.057845
140,신곡2동 작은도서관,경기도,의정부시,37.743662,127.057977
141,송산1동 작은도서관,경기도,의정부시,37.731182,127.086818
142,송산2동 작은도서관,경기도,의정부시,37.739744,127.090003
143,자금동 작은도서관,경기도,의정부시,37.750311,127.05816
144,가능동 작은도서관,경기도,의정부시,37.750541,127.038612
145,흥선동 작은도서관,경기도,의정부시,37.746267,127.030649
146,녹양동 작은도서관,경기도,의정부시,37.760131,127.032307
147,희망 Library Center,경기도,의정부시,37.737991,127.04588
174,의정부과학도서관,경기도,의정부시,37.744726,127.069132
175,의정부미술도서관,경기도,의정부시,37.745146,127.106127
176,의정부가재울도서관,경기도,의정부시,37.748368,127.04422
177,의정부정보도서관,경기도,의정부시,37.736558,127.033867
178,의정부어린이도서관,경기도,의정부시,37.726543,127.042606
179,의정부1동 작은도서관,경기도,의정부시,37.746436,127.047618
180,의정부1동 작은도서관 별관,경기도,의정부시,37.732739,127.048922
181,의정부2동 작은도서관,경기도,의정부시,37.740786,127.042795
223,시립중앙도서관,경기도,광주시,37.41063314,127.2531348
224,오포도서관,경기도,광주시,37.3693774,127.2313694
225,초월도서관,경기도,광주시,37.38738172,127.2910941
226,곤지암도서관,경기도,광주시,37.34906936,127.3410158
227,능평도서관,경기도,광주시,37.3502799,127.1668655
228,오포작은도서관,경기도,광주시,37.36239726,127.1558059
229,대주작은도서관,경기도,광주시,37.37619768,127.2609618
230,퇴촌작은도서관,경기도,광주시,37.47065196,127.3092016
231,도척작은도서관,경기도,광주시,37.3048153,127.3311699
243,충현도서관,경기도,광명시,37.4340499,126.8847409
244,하안도서관,경기도,광명시,37.4678555,126.8737104
245,철산도서관,경기도,광명시,37.4769468,126.8722073
246,소하도서관,경기도,광명시,37.4452882,126.8879877
247,광명도서관,경기도,광명시,37.4652995,126.8514147
248,평생학습주제전문도서관,경기도,광명시,37.474331,126.868457
320,정보과학도서관,경기도,과천시,37.418729,126.989709
321,문원도서관,경기도,과천시,37.424736,127.007416
436,감골도서관,경기도,안산시,37.2926186,126.8545112
437,성포도서관,경기도,안산시,37.3251413,126.8503677
438,상록어린이도서관,경기도,안산시,37.30732706,126.8620316
439,부곡도서관,경기도,안산시,37.3326386,126.8608516
513,서부교회도서관,경기도,용인시,37.261732,127.2223173
514,서천아이파크작은도서관,경기도,용인시,37.24566771,127.0723769
515,서희삼정작은도서관,경기도,용인시,37.2794779,127.1450685
516,성지작은도서관,경기도,용인시,37.3216501,127.0869135
517,소곤소곤도서관,경기도,용인시,37.27392085,127.2207925
518,소소한작은행복도서관,경기도,용인시,37.3093026,127.0881411
519,숲속도서관,경기도,용인시,37.3428844,127.0911867
520,스카이글빛누리도서관,경기도,용인시,37.2719374,127.1078352
521,신동백롯데캐슬에코2단지영어도서관,경기도,용인시,37.28450491,127.1475164
522,신봉우남아파트도서관,경기도,용인시,37.3201839,127.0803686
523,신영지웰작은도서관,경기도,용인시,37.276544,127.1549003
524,아델리움글마루도서관,경기도,용인시,37.2783943,127.0780311
525,아름다운꿈의도서관,경기도,용인시,37.3278915,127.0735126
526,애벌레도서관,경기도,용인시,37.2839301,127.1576903
527,어울터도서관,경기도,용인시,37.26619526,127.111792
528,에이스작은도서관,경기도,용인시,37.20227738,127.2086569
529,영덕신일문고,경기도,용인시,37.268027,127.094635
530,영락도서관,경기도,용인시,37.2431677,127.0690002
531,영원작은도서관,경기도,용인시,37.28245251,127.1727037
532,영화작은도서관,경기도,용인시,37.2528059,127.2263723
533,예움도서관,경기도,용인시,37.2261615,127.3250032
534,용인영락작은도서관,경기도,용인시,37.25155094,127.2296724
535,용인영어도서관,경기도,용인시,37.3158064,127.0913412
536,용인영어동백도서관,경기도,용인시,37.2722149,127.1510051
561,오남도서관,경기도,남양주시,37.6979608,127.1978694
562,진접푸른숲도서관,경기도,남양주시,37.7156893,127.1929216
563,진접도서관,경기도,남양주시,37.7296018,127.1941965
564,별내도서관,경기도,남양주시,37.7083499,127.1178283
565,메리골드작은도서관,경기도,용인시,37.24153286,127.1968052
566,물푸레6단지도서관,경기도,용인시,37.295999,127.1534248
567,물푸레도서관,경기도,용인시,37.2996787,127.1510407
568,미라클차일드어린이영어도서관,경기도,용인시,37.2946759,127.1149685
569,바른샘도서관,경기도,용인시,37.2383793,127.0709531
570,반딧불이도서관,경기도,용인시,37.3208972,127.0817326
571,밤토실어린이작은도서관,경기도,용인시,37.3595034,127.0615345
572,백남준라이브러리,경기도,용인시,37.2690782,127.1105783
573,백암면작은도서관,경기도,용인시,37.1638408,127.3751115
574,버들치도서관,경기도,용인시,37.3213784,127.0634727
575,벽산도서관,경기도,용인시,37.3018707,127.111356
576,보정꿈에그린작은도서관,경기도,용인시,37.3065211,127.1072776
577,쁘레네작은도서관별찌,경기도,용인시,37.2805012,127.1135009
578,삼풍동작은도서관,경기도,용인시,37.3323533,127.096635
579,상하작은도서관,경기도,용인시,37.25743575,127.1371108
580,상현1동작은도서관,경기도,용인시,37.3046115,127.081122
581,상현2동작은도서관,경기도,용인시,37.2985099,127.0808422
587,배다리도서관,경기도,평택시,37.0022309,127.1193945
588,평택시립도서관,경기도,평택시,36.9958544,127.093713
589,팽성도서관,경기도,평택시,36.96491707,127.0518031
590,안중도서관,경기도,평택시,36.98910064,126.9195052
591,지산초록도서관,경기도,평택시,37.078929,127.0603422
592,오성도서관,경기도,평택시,37.00773175,126.979715
593,장당도서관,경기도,평택시,37.05285955,127.0652276
594,진위도서관,경기도,평택시,37.10668874,127.078351
595,청북도서관,경기도,평택시,37.0206772,126.9181369
596,세교도서관,경기도,평택시,37.00641347,127.078648
597,비전작은도서관,경기도,평택시,36.99615117,127.103199
598,송탄작은도서관,경기도,평택시,37.03334005,127.0995495
599,서정작은도서관,경기도,평택시,37.066155,127.055729
600,포승작은도서관,경기도,평택시,36.98936145,126.847498
601,경기도립평택도서관,경기도,평택시,37.07284282,127.0632251
606,금화작은도서관,경기도,용인시,37.2629247,127.110133
607,꽃메도서관,경기도,용인시,37.32260182,127.1175392
608,꿈꾸는북라이크작은도서관,경기도,용인시,37.27618274,127.1114189
609,꿈꾸는작은도서관,경기도,용인시,37.2769225,127.0811142
610,꿈꾸는푸른도서관,경기도,용인시,37.273187,127.11889
611,꿈나무도서관,경기도,용인시,37.29550342,127.1514401
612,꿈누리도서관,경기도,용인시,37.2979857,127.0671847
613,꿈마루도서관,경기도,용인시,37.239423,127.0724016
614,꿈모아도서관,경기도,용인시,37.2830713,127.1606001
615,꿈샘도서관,경기도,용인시,37.2826071,127.1666307
616,꿈이자라는도서관,경기도,용인시,37.2840786,127.1548479
617,꿈이자라는땅,경기도,용인시,37.336143,127.1044514
618,꿈터작은도서관,경기도,용인시,37.2968413,127.0695212
619,남사맑은누리작은도서관,경기도,용인시,37.1137577,127.1505799
620,누리작은도서관,경기도,용인시,37.2833852,127.1526039
621,담은작은도서관,경기도,용인시,37.31299747,127.1093163
622,더빛Arkkids작은도서관,경기도,용인시,37.2748323,127.0733338
623,데시앙도서관,경기도,용인시,37.2870231,127.1516249
624,도담도담작은도서관,경기도,용인시,37.24260315,127.1968981
625,동천작은도서관,경기도,용인시,37.3408233,127.0999867
626,라브리작은도서관,경기도,용인시,37.291769,127.126625
627,래미안도서관글샘,경기도,용인시,37.2988679,127.1112756
628,롯데캐슬에코 북카페,경기도,용인시,37.284364,127.1431583
629,마북e편한세상작은도서관,경기도,용인시,37.3068031,127.1281704
630,포곡도서관,경기도,용인시,37.2789044,127.2326774
631,동백도서관,경기도,용인시,37.2740661,127.1581171
632,모현도서관,경기도,용인시,37.2741,127.158
633,보라도서관,경기도,용인시,37.24841486,127.1090246
634,남사도서관,경기도,용인시,37.1537,127.1708
635,양지해밀도서관,경기도,용인시,37.23758228,127.2855003
636,이동꿈틀도서관,경기도,용인시,37.13912157,127.199754
637,수지도서관,경기도,용인시,37.32027602,127.0946874
638,구성도서관,경기도,용인시,37.2967623,127.1189833
639,죽전도서관,경기도,용인시,37.3301254,127.118765
640,기흥도서관,경기도,용인시,37.2862231,127.1141009
641,흥덕도서관,경기도,용인시,37.2748341,127.0839883
642,상현도서관,경기도,용인시,37.299975,127.0742442
643,구갈희망누리도서관,경기도,용인시,37.2726108,127.13032
644,청덕도서관,경기도,용인시,37.29279817,127.1474288
645,느티나무도서관,경기도,용인시,37.3339692,127.0960414
646,건영캐스빌상앗대문고,경기도,용인시,37.3327255,127.1256834
647,경남초록 작은도서관,경기도,용인시,37.2807498,127.0770693
648,공감도서관,경기도,용인시,37.27512489,127.0718864
649,광교마을45단지 꿈터도서관,경기도,용인시,37.2980696,127.0635206
650,광교상현꿈에그린도서관,경기도,용인시,37.305527,127.074338
651,굿모닝작은도서관,경기도,용인시,37.3416672,127.097135
652,그루터기도서관,경기도,용인시,37.2428769,127.1085608
673,디지털정보도서관,경기도,용인시,37.240608,127.1772935
674,용인중앙도서관,경기도,용인시,37.2334148,127.1902732
745,오산시 중앙도서관,경기도,오산시,37.1538369,127.0769317
746,오산시 꿈두레도서관,경기도,오산시,37.18156961,127.0454507
747,오산시 소리울도서관,경기도,오산시,37.13259475,127.074916
794,양주희망도서관,경기도,양주시,37.79576457,127.107258
796,덕정도서관,경기도,양주시,37.84288046,127.0631905
797,고읍도서관,경기도,양주시,37.79204954,127.0844597
798,꿈나무도서관,경기도,양주시,37.7923901,126.9872751
799,남면도서관,경기도,양주시,37.89814837,126.9758804
800,덕계도서관,경기도,양주시,37.821659,127.046729
801,광적도서관,경기도,양주시,37.82311698,126.9828766
1022,가평군립설악도서관,경기도,가평군,37.6832798,127.4887552
1023,가평군립청평도서관,경기도,가평군,37.739591,127.424182
1024,가평군립조종도서관,경기도,가평군,37.8183076,127.353047
1025,가평군립한석봉도서관,경기도,가평군,37.829814,127.506473
1058,토기장이작은도서관,경기도,용인시,37.27985091,127.1123399
1059,푸르지오푸른도서관,경기도,용인시,37.3149802,127.0938094
1060,푸른꿈청소년도서관,경기도,용인시,37.3207871,127.0938594
1061,푸른도서관,경기도,용인시,37.23059928,127.1823575
1062,해든도서관,경기도,용인시,37.2807519,127.150942
1063,해맑은문고,경기도,용인시,37.2843109,127.1631813
1064,해바라기도서관,경기도,용인시,37.27936555,127.1473846
1065,해오름도서관,경기도,용인시,37.3280076,127.0950159
1066,행복드림작은도서관,경기도,용인시,37.27734814,127.1020303
1067,향상어린이문고,경기도,용인시,37.2827904,127.1408509
1068,현대호롱마루도서관,경기도,용인시,37.2797058,127.0734778
1069,호반두드림도서관,경기도,용인시,37.2777355,127.0700519
1070,호반작은도서관,경기도,용인시,37.2934257,127.1540831
1071,호수마을월드도서관,경기도,용인시,37.2865412,127.1529752
1072,효천작은도서관,경기도,용인시,37.337078,127.2436009
1073,힐숲작은도서관,경기도,용인시,37.23819772,127.0757822
1074,힐작은도서관,경기도,용인시,37.3088336,127.0735503
1075,둘둘작은도서관,경기도,용인시,37.161215,127.173773
1076,늘봄작은도서관,경기도,용인시,37.330048,127.122991
1082,우리작은도서관,경기도,용인시,37.2340977,127.2066007
1083,원삼면작은도서관,경기도,용인시,37.1637146,127.3104927
1084,이던책나무작은도서관,경기도,용인시,37.2773126,127.0764985
1085,이동읍천리작은도서관,경기도,용인시,37.1928164,127.2078985
1086,이스트파크도서관,경기도,용인시,37.33005022,127.0993304
1087,자연&Book작은도서관,경기도,용인시,37.2789026,127.0719742
1088,자이안도서관,경기도,용인시,37.302755,127.1187
1089,자이행복한도서관,경기도,용인시,37.3042228,127.0900837
1090,작은나무도서관,경기도,용인시,37.2351185,127.2126541
1091,작은씨앗도서관,경기도,용인시,37.2794973,127.1099832
1092,장미도서관,경기도,용인시,37.2931316,127.1185055
1093,전대중앙 작은도서관,경기도,용인시,37.2853638,127.2154087
1094,즐거운샘터작은도서관,경기도,용인시,37.2885992,127.1187393
1095,지구별작은도서관,경기도,용인시,37.2674446,127.207084
1096,지혜의샘터도서관,경기도,용인시,37.32296258,127.0831286
1097,징검다리도서관,경기도,용인시,37.2623051,127.1072964
1098,참솔작은도서관,경기도,용인시,37.2653063,127.1536524
1099,채움도서관,경기도,용인시,37.23557784,127.0752071
1100,책사랑도서관,경기도,용인시,37.3097088,127.0909059
1101,책사랑쉼터도서관,경기도,용인시,37.3154528,127.0827389
1102,청명호수마을도서관,경기도,용인시,37.255337,127.088704
1103,초코도서관,경기도,용인시,37.26330491,127.1589108
1104,코아루나눔터도서관,경기도,용인시,37.2670435,127.155273
1105,콩나물도서관,경기도,용인시,37.2476758,127.1071547
1176,호평도서관,경기도,남양주시,37.66764367,127.2480045
1177,평내도서관,경기도,남양주시,37.6417431,127.2388903
1178,진건도서관,경기도,남양주시,37.6551356,127.1774389
1179,화도도서관,경기도,남양주시,37.6501371,127.3058147
1180,와부도서관,경기도,남양주시,37.5856854,127.2174983
1181,도농도서관,경기도,남양주시,37.6074597,127.1592868
1182,중앙도서관,경기도,파주시,37.7500196,126.7707155
1183,금촌도서관,경기도,파주시,37.7585051,126.7800448
1184,문산도서관,경기도,파주시,37.8532897,126.7833466
1185,법원도서관,경기도,파주시,37.8475278,126.8863409
1186,적성도서관,경기도,파주시,37.95428304,126.9176169
1187,행복어린이도서관,경기도,파주시,37.85675241,126.7910164
1188,교하도서관,경기도,파주시,37.72332017,126.7123008
1189,해솔도서관,경기도,파주시,37.72668889,126.7481281
1190,한빛도서관,경기도,파주시,37.7119541,126.7494208
1191,가람도서관,경기도,파주시,37.730538,126.7633962
1192,조리도서관,경기도,파주시,37.74752882,126.8066242
1193,솔빛도서관,경기도,파주시,37.7714159,126.778354
1194,물푸레도서관,경기도,파주시,37.734088,126.7202412
1195,탄현도서관,경기도,파주시,37.80245922,126.7161227
1196,파평도서관,경기도,파주시,37.9218823,126.8376036
1197,한울도서관,경기도,파주시,37.7171145,126.7436283
1198,월롱도서관,경기도,파주시,37.79927551,126.789213
1199,술이홀도서관,경기도,파주시,37.83074471,126.819981
1212,장기도서관,경기도,김포시,37.64176517,126.6766167
1213,중봉도서관,경기도,김포시,37.6258068,126.7069315
1214,양곡도서관,경기도,김포시,37.6616235,126.6314373
1215,고촌도서관,경기도,김포시,37.6033599,126.7709609
1216,풍무도서관,경기도,김포시,37.607539,126.729141
1217,통진도서관,경기도,김포시,37.693983,126.5920603
1227,별빛도서관,경기도,남양주시,37.65093701,127.1203257
1228,퇴계원도서관,경기도,남양주시,37.6491214,127.1452884
1377,오산시 초평도서관,경기도,오산시,37.1424489,127.0465581
1378,오산시 햇살마루도서관,경기도,오산시,37.13835629,127.0717568
1379,오산시 청학도서관,경기도,오산시,37.15494003,127.0643696
1380,오산시 양산도서관,경기도,오산시,37.1942201,127.0321993
1502,광남작은도서관,경기도,광주시,37.38545669,127.2358943
1503,남한산성작은도서관,경기도,광주시,37.4774108,127.1872969
1596,여주도서관,경기도,여주시,37.2997233,127.6511727
1597,세종도서관,경기도,여주시,37.29740813,127.6246801
1598,점동도서관,경기도,여주시,37.20519024,127.663012
1599,금사도서관,경기도,여주시,37.38835502,127.5345784
1600,대신도서관,경기도,여주시,37.37146831,127.5844574
1601,산북작은도서관,경기도,여주시,37.4033829,127.443305
1602,북내작은도서관,경기도,여주시,37.3276172,127.6834115
1688,연천도서관,경기도,연천군,38.0981105,127.0766844
1689,중앙도서관,경기도,연천군,38.0323136,127.0709935
1896,새재골작은도서관,경기도,시흥시,37.38111052,126.8034088
1897,솔숲작은도서관,경기도,시흥시,37.419811,126.7917758
1898,소래산작은도서관,경기도,시흥시,37.44850647,126.7846941
1915,판타스틱큐브,경기도,부천시,37.50358247,126.765337
1924,동두천시립도서관,경기도,동두천시,37.90668936,127.047626
1925,동두천꿈나무정보도서관,경기도,동두천시,37.89215013,127.0514001
1926,어수정작은도서관,경기도,동두천시,37.90677664,127.0541529
1927,운동장작은도서관,경기도,동두천시,37.89938432,127.0696877
1959,경기의정부교육도서관,경기도,의정부시,37.762902,127.036012
1962,기아행복마루 작은도서관,경기도,화성시,37.06470008,126.7956064
1963,비봉작은도서관,경기도,화성시,37.23581931,126.8738912
1964,양감작은도서관,경기도,화성시,37.08169428,126.9456433
1965,마도작은도서관,경기도,화성시,37.20548812,126.7696371
1966,팔탄작은도서관,경기도,화성시,37.1622205,126.9049137
1968,오정도서관,경기도,부천시,37.52834853,126.7960269
1969,도당도서관,경기도,부천시,37.51610089,126.785107
1970,역곡도서관,경기도,부천시,37.48828445,126.8034313
1980,이천시립도서관,경기도,이천시,37.286745,127.436913
1981,이천시립청미도서관,경기도,이천시,37.11694045,127.6152057
1982,이천시립어린이도서관,경기도,이천시,37.2782608,127.4410593
1983,이천시립효양도서관,경기도,이천시,37.26158189,127.4779809
1984,이천시립마장도서관,경기도,이천시,37.2539292,127.3541365
2010,송산도서관,경기도,화성시,37.21678196,126.7392473
2011,태안도서관,경기도,화성시,37.20603571,127.0137973
2012,정남도서관,경기도,화성시,37.16824485,126.983165
2013,동탄중앙이음터도서관,경기도,화성시,37.19882674,127.1108005
2014,두빛나래어린이도서관,경기도,화성시,37.20925619,127.0561063
2015,둥지나래어린이도서관,경기도,화성시,37.12917772,126.9247678
2016,동탄다원이음터도서관,경기도,화성시,37.21053463,127.1045895
2017,송린이음터도서관,경기도,화성시,37.27730478,126.8225272
2018,목동이음터도서관,경기도,화성시,37.18928576,127.1238981
2019,샘내작은도서관,경기도,화성시,37.2446369,126.946185
2037,경기중앙교육도서관,경기도,수원시,37.29854278,127.0223635
2038,진안도서관,경기도,화성시,37.21737056,127.0336061
2039,동탄복합문화센터도서관,경기도,화성시,37.20068928,127.0751229
2040,병점도서관,경기도,화성시,37.2123457,127.046109
2041,봉담도서관,경기도,화성시,37.21941336,126.9490155
2042,삼괴도서관,경기도,화성시,37.08930917,126.8143194
2043,남양도서관,경기도,화성시,37.21034407,126.8250364
2052,경기화성교육도서관,경기도,화성시,37.13312953,126.920256
2065,한울빛도서관,경기도,부천시,37.46794262,126.7966433
2066,꿈여울도서관,경기도,부천시,37.515424,126.805548
2089,원미도서관,경기도,부천시,37.49784735,126.7978695
2090,북부도서관,경기도,부천시,37.52080207,126.7941335
2212,학미숲작은도서관,경기도,시흥시,37.40552029,126.7844015
2251,중앙도서관,경기도,시흥시,37.34813074,126.7356562
2252,능곡도서관,경기도,시흥시,37.371372,126.813199
2253,대야도서관,경기도,시흥시,37.44553298,126.796826
2254,군자도서관,경기도,시흥시,37.345624,126.7851913
2255,대야어린이도서관,경기도,시흥시,37.443855,126.792596
2256,정왕어린이도서관,경기도,시흥시,37.345318,126.7481254
2257,목감도서관,경기도,시흥시,37.38559315,126.8612785
2258,장곡도서관,경기도,시흥시,37.37757881,126.7829731
2259,신천도서관,경기도,시흥시,37.43841217,126.785024
2260,매화도서관,경기도,시흥시,37.417656,126.815539
2261,월곶도서관,경기도,시흥시,37.389041,126.736207
2262,민들레작은도서관,경기도,시흥시,37.36426325,126.737525
2263,꿈나무작은도서관,경기도,시흥시,37.34737444,126.7407962
2264,우리동네작은도서관,경기도,시흥시,37.43293702,126.792732
2265,은행골작은도서관,경기도,시흥시,37.43644554,126.797917
2266,오이도작은도서관,경기도,시흥시,37.343631,126.691451
2267,함현공원작은도서관,경기도,시흥시,37.36550207,126.7322413
2268,늠내골실버작은도서관,경기도,시흥시,37.36865998,126.813299
2269,옥구공원숲속도서관,경기도,시흥시,37.3518072,126.700967
2270,검바위초작은도서관,경기도,시흥시,37.43261256,126.7990032
2271,삼립식품작은도서관,경기도,시흥시,37.34408857,126.7161419
2272,평안골작은도서관,경기도,시흥시,37.33946223,126.7419022
2273,꿈빛작은도서관,경기도,시흥시,37.43687487,126.832874
2274,수정중앙,경기도,성남시,37.46150426,127.1304475
2275,수진2동,경기도,성남시,37.43731572,127.1287467
2276,숲에사는달조각,경기도,성남시,37.438932,127.158919
2277,시흥동,경기도,성남시,37.422076,127.1081642
2278,신흥1동,경기도,성남시,37.441648,127.140041
2279,신흥3동,경기도,성남시,37.443517,127.1488541
2280,야탑1동,경기도,성남시,37.412026,127.1302352
2281,양지동 꿈나무,경기도,성남시,37.454978,127.160909
2282,은행2동,경기도,성남시,37.457035,127.1665174
2283,정자역,경기도,성남시,37.36618464,127.108015
2284,정자청소년,경기도,성남시,37.372742,127.1063231
2285,중앙동,경기도,성남시,37.442896,127.1562974
2286,중원청소년,경기도,성남시,37.42992474,127.154991
2287,채움,경기도,성남시,37.43203626,127.131559
2288,태평1동,경기도,성남시,37.44076399,127.126143
2289,태평3동,경기도,성남시,37.44534077,127.1330728
2290,태평4동,경기도,성남시,37.44770247,127.141485
2291,판교인생,경기도,성남시,37.39022707,127.108622
2292,하늘달팽이,경기도,성남시,37.458106,127.1626179
2293,하얀마을秀,경기도,성남시,37.34453798,127.1123188
2294,한마음점자,경기도,성남시,37.40822752,127.1441532
2295,한솔,경기도,성남시,37.36738858,127.1155093
2300,운중도서관,경기도,성남시,37.39004045,127.0751082
2301,수정도서관,경기도,성남시,37.452231,127.1528496
2302,중원도서관,경기도,성남시,37.43022796,127.1401641
2303,논골도서관,경기도,성남시,37.456234,127.1599736
2304,판교도서관,경기도,성남시,37.39189991,127.0908701
2305,판교어린이도서관,경기도,성남시,37.38752486,127.1076674
2306,중원어린이도서관,경기도,성남시,37.4480981,127.1587991
2307,해오름도서관,경기도,성남시,37.44159956,127.1594254
2308,분당도서관,경기도,성남시,37.35810335,127.116568
2309,구미도서관,경기도,성남시,37.34552982,127.1076887
2310,무지개도서관,경기도,성남시,37.33962077,127.1208292
2311,중앙도서관,경기도,성남시,37.4039701,127.1347135
2312,서현도서관,경기도,성남시,37.38358563,127.1324713
2313,복정도서관,경기도,성남시,37.46375601,127.1278652
2314,공감의뜰,경기도,성남시,37.43902711,127.1292423
2315,구미1동,경기도,성남시,37.349267,127.111761
2316,금광2동,경기도,성남시,37.446264,127.1640162
2317,도촌동,경기도,성남시,37.416467,127.1527859
2318,상대원3동,경기도,성남시,37.43967396,127.1654437
2319,서현청소년,경기도,성남시,37.37217014,127.139874
2320,수내1동,경기도,성남시,37.375423,127.118042
2389,경기성남교육도서관,경기도,성남시,37.44663585,127.1500988
2461,벌말도서관,경기도,안양시 동안구,37.3938426,126.9764293
2462,관양도서관,경기도,안양시 동안구,37.41098532,126.9681013
2463,본오도서관,경기도,안산시,37.29399604,126.8722919
2464,반월도서관,경기도,안산시,37.30932822,126.9028041
2465,수암도서관,경기도,안산시,37.36433212,126.8771578
2466,일동도서관,경기도,안산시,37.3154128,126.8715832
2467,본오3동만화작은도서관,경기도,안산시,37.30073779,126.8741505
2468,해양동작은도서관,경기도,안산시,37.29473547,126.8200502
2469,본오1동작은도서관,경기도,안산시,37.2892251,126.864505
2470,안산평생학습관 작은도서관,경기도,안산시,37.29868378,126.8469293
2471,관산도서관,경기도,단원구,37.33214233,126.7995727
2472,단원어린이도서관,경기도,단원구,37.33110589,126.816028
2473,선부도서관,경기도,단원구,37.34114552,126.8061447
2474,대부도서관,경기도,단원구,37.24047244,126.5831165
2475,원고잔도서관,경기도,단원구,37.32466768,126.8247627
2476,달미작은도서관,경기도,단원구,37.348868,126.8098854
2477,당곡작은도서관,경기도,단원구,37.32393654,126.8377438
2478,와동책읽는방작은도서관,경기도,단원구,37.3428087,126.8228187
2479,선녀마을작은도서관,경기도,단원구,37.34258392,126.8130863
2480,와동별빛누리작은도서관,경기도,단원구,37.34059798,126.8272626
2481,신길작은도서관,경기도,단원구,37.334909,126.783227
2498,석수도서관,경기도,안양시 만안구,37.4116018,126.902654
2499,만안도서관,경기도,안양시 만안구,37.3861957,126.9262236
2500,삼덕도서관,경기도,안양시 만안구,37.39639886,126.9153991
2501,박달도서관,경기도,안양시 만안구,37.4025131,126.9035738
2502,평촌도서관,경기도,안양시 동안구,37.3960575,126.9578036
2503,비산도서관,경기도,안양시 동안구,37.3991121,126.9376493
2504,호계도서관,경기도,안양시 동안구,37.3830584,126.9505302
2506,어린이도서관,경기도,안양시 동안구,37.384981,126.954594
2558,햇빛마을작은도서관,경기도,고양시 덕양구,37.624831,126.838474
2559,행신도서관,경기도,고양시 덕양구,37.620759,126.828338
2560,행신어린이도서관,경기도,고양시 덕양구,37.614791,126.843466
2561,호수공원작은도서관,경기도,고양시 일산동구,37.653846,126.768781
2562,화전작은도서관,경기도,고양시 덕양구,37.599469,126.872773
2563,화정도서관,경기도,고양시 덕양구,37.637836,126.837104
2564,화정어린이도서관,경기도,고양시 덕양구,37.632833,126.826303
2565,내유작은도서관,경기도,고양시 덕양구,37.73129325,126.8483937
2574,관산작은도서관,경기도,고양시 덕양구,37.688013,126.862536
2575,대덕작은도서관,경기도,고양시 덕양구,37.587101,126.876666
2576,대화도서관,경기도,고양시 일산서구,37.681022,126.753942
2577,대화마을작은도서관,경기도,고양시 일산서구,37.672884,126.735397
2578,덕이도서관,경기도,고양시 일산서구,37.702949,126.754554
2579,마두도서관,경기도,고양시 일산동구,37.666716,126.782057
2580,마상공원작은도서관,경기도,고양시 덕양구,37.66014949,126.8330165
2581,모당공원작은도서관,경기도,고양시 일산동구,37.67814936,126.7812889
2582,백석도서관,경기도,고양시 일산동구,37.647218,126.793626
2583,사리현작은도서관,경기도,고양시 일산동구,37.69879749,126.8460106
2584,삼송도서관,경기도,고양시 덕양구,37.648863,126.884854
2585,식사도서관,경기도,고양시 일산동구,37.67608444,126.815973
2586,삼송작은도서관,경기도,고양시 덕양구,37.653145,126.893909
2587,신원도서관,경기도,고양시 덕양구,37.666383,126.886359
2588,아람누리도서관,경기도,고양시 일산동구,37.661486,126.774456
2589,원당도서관,경기도,고양시 덕양구,37.65465084,126.840652
2590,주엽어린이도서관,경기도,고양시 일산서구,37.668464,126.756504
2591,탄현작은도서관,경기도,고양시 일산서구,37.70014661,126.7655482
2592,푸른마을작은도서관,경기도,고양시 덕양구,37.712299,126.905321
2593,풍동도서관,경기도,고양시 일산동구,37.67072982,126.7971233
2594,한뫼도서관,경기도,고양시 일산서구,37.693557,126.776259
2595,햇빛21작은도서관,경기도,고양시 덕양구,37.627322,126.841414
2612,가좌도서관,경기도,고양시 일산서구,37.68616531,126.7203004
2613,강촌공원작은도서관,경기도,고양시 일산동구,37.653332,126.781081
2614,고양 포돌이 안전도서관,경기도,고양시 덕양구,37.62870425,126.8298424
2615,고양윤창작은도서관,경기도,고양시 덕양구,37.705803,126.894709
2616,고양작은도서관,경기도,고양시 덕양구,37.702518,126.901195
2680,나룰도서관,경기도,하남시,37.55337669,127.2084378
2681,신장도서관,경기도,하남시,37.5378505,127.2143657
2736,교문2동작은도서관,경기도,구리시,37.587001,127.1341579
2737,수택1동작은도서관,경기도,구리시,37.59643908,127.1491615
2738,인창동작은도서관,경기도,구리시,37.606521,127.1331156
2739,교문도서관,경기도,구리시,37.595199,127.134575
2740,인창도서관,경기도,구리시,37.60528039,127.1458547
2741,토평도서관,경기도,구리시,37.58619614,127.145712
2742,수택작은도서관,경기도,구리시,37.591571,127.1386678
2743,갈매작은도서관,경기도,구리시,37.63112824,127.1165535
2845,해오름문고,경기도,군포시,37.342974,126.9366123
2846,산본녹색작은도서관,경기도,군포시,37.358664,126.926378
2847,글고운도서관,경기도,군포시,37.33638042,126.9334537
2848,송안작은도서관,경기도,군포시,37.31859922,126.9186768
2849,꿈미작은도서관,경기도,군포시,37.32178211,126.9443381
2863,동화나무도서관,경기도,군포시,37.3463472,126.9430786
2864,작은도서관버드나무에부는바람,경기도,군포시,37.3642081,126.9408751
2865,부곡도서관,경기도,군포시,37.32410237,126.935676
2866,사랑아이엔지작은도서관,경기도,군포시,37.3149437,126.9226607
2867,쁘레네 작은도서관별찌,경기도,군포시,37.3500574,126.9390939
2868,사랑이꽃피는작은도서관,경기도,군포시,37.35153812,126.9451153
2869,사랑이있는작은도서관,경기도,군포시,37.3601619,126.9434609
2870,산본도서관,경기도,군포시,37.36158124,126.928704
2871,삼성마을5단지작은도서관,경기도,군포시,37.3347496,126.9305619
2872,새봄작은도서관,경기도,군포시,37.3409834,126.9344157
2873,샤론작은도서관,경기도,군포시,37.3646266,126.9416921
2874,숲속작은도서관,경기도,군포시,37.34161205,126.9307452
2875,신산본자이2차아파트문고,경기도,군포시,37.345243,126.9568841
2876,어린이도서관,경기도,군포시,37.3721577,126.9321487
2877,우리마을도서관,경기도,군포시,37.3755307,126.9379985
2878,율곡마을작은도서관,경기도,군포시,37.3524569,126.930961
2879,재궁꿈나무도서관,경기도,군포시,37.3584406,126.939042
2880,주품북까페,경기도,군포시,37.3474117,126.9459444
2881,중앙도서관,경기도,군포시,37.3553231,126.9157251
2882,책놀이터작은도서관,경기도,군포시,37.3376796,126.9301936
2883,큰꿈작은도서관,경기도,군포시,37.3617052,126.9376125
2884,큰나무작은도서관,경기도,군포시,37.35302763,126.9397887
2885,테바작은도서관,경기도,군포시,37.35131366,126.9429801
2886,토리작은도서관,경기도,군포시,37.3247104,126.9404863
2887,하늘정원작은도서관,경기도,군포시,37.351087,126.9438741
2897,공군제8249부대작은도서관,경기도,군포시,37.3570793,126.9029277
2898,군포새마을문고,경기도,군포시,37.3593597,126.9264756
2899,궁내동작은도서관,경기도,군포시,37.3596595,126.9218473
2900,그리심작은도서관,경기도,군포시,37.37110178,126.9389008
2901,금정작은도서관,경기도,군포시,37.3654002,126.9392712
2902,꿈드림작은도서관,경기도,군포시,37.3451364,126.9363487
2903,꿈마을작은도서관,경기도,군포시,37.3385851,126.9316462
2904,꿈을노래하는작은도서관,경기도,군포시,37.32186029,126.9420139
2905,꿈쟁이도서관,경기도,군포시,37.3443121,126.9383311
2906,노루목작은도서관,경기도,군포시,37.3733685,126.9385783
2907,농심작은도서관,경기도,군포시,37.3608044,126.9539719
2908,느티나무작은도서관,경기도,군포시,37.3242474,126.9445981
2909,당동도서관,경기도,군포시,37.353715,126.9451679
2910,당정문화도서관,경기도,군포시,37.3472245,126.9548334
2911,대야도서관,경기도,군포시,37.3302814,126.9153469
3076,모두어린이 작은도서관,경기도,안산시,37.33120977,126.7917959
3077,안산다문화 작은도서관,경기도,안산시,37.33243625,126.7903427
3079,덕풍도서관,경기도,하남시,37.53351392,127.2005785
3080,세미도서관,경기도,하남시,37.54344377,127.1940924
3081,디지털도서관,경기도,하남시,37.56306517,127.1970085
3164,의왕시중앙도서관,경기도,의왕시,37.342241,126.969525
3165,의왕시글로벌도서관,경기도,의왕시,37.35793027,126.9713611
3166,내손도서관,경기도,의왕시,37.3875292,126.981612
3167,옥정호수도서관,경기도,양주시,37.82299986,127.0949313
3168,장흥작은도서관,경기도,양주시,37.7137571,126.9693719
3375,안산미디어라이브러리,경기도,안산시,37.30721498,126.8311697
3376,사이동꿈을키우는 작은도서관,경기도,안산시,37.2797194,126.8511041
3377,신길샛별 작은도서관,경기도,안산시,37.3374193,126.7777037
3378,석수골 작은도서관,경기도,안산시,37.34656968,126.8039368
3379,대추골도서관,경기도,장안구,37.306611,127.008094
3380,일월도서관,경기도,장안구,37.286894,126.977793
3381,광교홍재도서관,경기도,영통구,37.302936,127.047441
3382,영통도서관,경기도,영통구,37.257187,127.072059
3383,태장마루도서관,경기도,영통구,37.238669,127.051003
3384,광교푸른숲도서관,경기도,영통구,37.28095579,127.0668177
3385,매여울도서관,경기도,영통구,37.25932937,127.0473596
3386,망포글빛도서관,경기도,영통구,37.2406609,127.0443591
3387,슬기샘어린이도서관,경기도,장안구,37.297575,126.999111
3388,지혜샘어린이도서관,경기도,권선구,37.248008,127.040081
3389,바른샘어린이도서관,경기도,영통구,37.268857,127.052367
3390,희망샘도서관,경기도,권선구,37.247752,126.972927
3391,사랑샘도서관,경기도,영통구,37.295548,127.036051
3392,반달어린이도서관,경기도,영통구,37.250685,127.077386
3393,화홍어린이도서관,경기도,팔달구,37.285662,127.017118
3394,인도래작은도서관,경기도,팔달구,37.272494,127.027398
3395,한아름도서관,경기도,팔달구,37.273631,127.035011
3400,중앙도서관,경기도,안산시,37.3045533,126.8213625
3414,선경도서관,경기도,팔달구,37.283861,127.010433
3415,중앙도서관,경기도,팔달구,37.273582,127.012132
3416,창룡도서관,경기도,팔달구,37.290742,127.027549
3417,화서다산도서관,경기도,팔달구,37.285646,126.997429
3418,호매실도서관,경기도,권선구,37.266338,126.957993
3419,서수원도서관,경기도,권선구,37.273118,126.972071
3420,한림도서관,경기도,권선구,37.2375994,127.0250231
3421,버드내도서관,경기도,권선구,37.25682221,127.014776
3422,북수원도서관,경기도,장안구,37.297665,126.988306
3446,포천시립가산도서관,경기도,포천시,37.84821007,127.1861447
3447,포천시립일동도서관,경기도,포천시,37.954934,127.315553
3448,포천시립영중꿈나무도서관,경기도,포천시,38.005629,127.245302
3449,포천시립영북도서관,경기도,포천시,38.08772182,127.27423
3470,포천시립중앙도서관,경기도,포천시,37.908101,127.205771
3471,포천시립소흘도서관,경기도,포천시,37.8296046,127.137558
